Country,Country_Code,Year,Anxiety_Prevalence_%,Light_Intensity
Portugal,PRT,2019,8.02761,1063269.3525
Brazil,BRA,2019,7.410114,15335308.166666666
Iran,IRN,2019,7.26808,9021206.083333334
New Zealand,NZL,2019,7.263469,456466.4558333333
Switzerland,CHE,2019,6.79061,275540.35583333333
Netherlands,NLD,2019,6.7548013,1219528.2275
Norway,NOR,2019,6.7358413,2060998.8333333333
Paraguay,PRY,2019,6.304892,726802.9891666666
France,FRA,2019,6.2742558,3806349.5
Germany,DEU,2019,6.208145,2262428.499166667
